Password_name,Safe,Folder,Password,DeviceType,PolicyID,Address,UserName
Linux_Safe-Operating System-_Unix via-SSH-11.1.1.4-Ladmin4,Linux_Safe,Root,Raky@6673,Operating System,_Unixvia-SSH,11.1.1.4,Ladmin4
Linux_Safe-Operating System-_Unix via-SSH-11.1.1.4-Ladmin5,Linux_Safe,Root,Raky@6673,Operating System,_Unixvia-SSH,11.1.1.4,Ladmin5
Linux_Safe-Operating System-_Unix via-SSH-11.1.1.4-Ladmin6,Linux_Safe,Root,Raky@6673,Operating System,_Unixvia-SSH,11.1.1.4,Ladmin6
Linux_Safe-Operating System-_Unix via-SSH-11.1.1.4-Ladmin7,Linux_Safe,Root,Raky@6673,Operating System,_Unixvia-SSH,11.1.1.4,Ladmin7
Linux_Safe-Operating System-_Unix via-SSH-11.1.1.4-Ladmin8,Linux_Safe,Root,Raky@6673,Operating System,_Unixvia-SSH,11.1.1.4,Ladmin8
Linux_Safe-Operating System-_Unix via-SSH-11.1.1.4-Ladmin9,Linux_Safe,Root,Raky@6673,Operating System,_Unixvia-SSH,11.1.1.4,Ladmin9
Linux_Safe-Operating System-_Unix via-SSH-11.1.1.4-Ladmin10,Linux_Safe,Root,Raky@6673,Operating System,_Unixvia-SSH,11.1.1.4,Ladmin10
Linux_Safe-Operating System-_Unix via-SSH-11.1.1.4-Ladmin11,Linux_Safe,Root,Raky@6673,Operating System,_Unixvia-SSH,11.1.1.4,Ladmin11
Linux_Safe-Operating System-_Unix via-SSH-11.1.1.4-Ladmin12,Linux_Safe,Root,Raky@6673,Operating System,_Unixvia-SSH,11.1.1.4,Ladmin12
Linux_Safe-Operating System-_Unix via-SSH-11.1.1.4-Ladmin13,Linux_Safe,Root,Raky@6673,Operating System,_Unixvia-SSH,11.1.1.4,Ladmin13
Linux_Safe-Operating System-_Unix via-SSH-11.1.1.4-Ladmin14,Linux_Safe,Root,Raky@6673,Operating System,_Unixvia-SSH,11.1.1.4,Ladmin14
Linux_Safe-Operating System-_Unix via-SSH-11.1.1.4-Ladmin15,Linux_Safe,Root,Raky@6673,Operating System,_Unixvia-SSH,11.1.1.4,Ladmin15
